file_id,cycle_id,i_start,i_end,t_start,t_end,n_samples,area,fs
15_aortic_sys_mur__absent_s2_sitting_bell,1,14750,31244,0.334444444444444,0.708458049886621,16495,0.182666479200843,44100
15_aortic_sys_mur__absent_s2_sitting_bell,2,46703,63230,1.0590022675737,1.4337641723356,16528,0.170868485451728,44100
15_aortic_sys_mur__absent_s2_sitting_bell,3,78661,87021,1.78367346938776,1.97324263038549,8361,0.0512567170340558,44100
15_aortic_sys_mur__absent_s2_sitting_bell,4,87021,94767,1.97324263038549,2.14888888888889,7747,0.0273212093140424,44100
15_aortic_sys_mur__absent_s2_sitting_bell,5,110570,119059,2.5072335600907,2.69972789115646,8490,0.0530679347243765,44100
15_aortic_sys_mur__absent_s2_sitting_bell,6,142480,150228,3.23081632653061,3.40650793650794,7749,0.0447496782707986,44100
15_aortic_sys_mur__absent_s2_sitting_bell,7,150228,158438,3.40650793650794,3.59267573696145,8211,0.0279819944348569,44100
15_aortic_sys_mur__absent_s2_sitting_bell,8,174286,181562,3.95204081632653,4.11702947845805,7277,0.0307630592401178,44100
